38,140,83,3,90,2019-03-19 00:00:00,2019-03-13 22:05:00,,ab0c6b16e41f44b0,del,30
5,53,83,3,50,1970-03-15 00:00:00,2019-03-09 13:17:00,,ab0c6b16e41f44b0,del,
74,528,110,1,0,2019-03-25 00:00:00,2019-03-17 11:08:00,528,a696945e7053af62,del,0
58,140,83,3,105,2019-03-19 00:00:00,2019-03-16 08:51:00,140,ab0c6b16e41f44b0,del,35
66,464,132,1,9,2019-03-25 00:00:00,2019-03-17 08:54:00,464,ab0c6b16e41f44b0,,9
67,464,132,1,9,2019-03-26 00:00:00,2019-03-17 08:54:00,464,ab0c6b16e41f44b0,,9
68,464,132,1,9,2019-03-27 00:00:00,2019-03-17 08:54:00,464,ab0c6b16e41f44b0,,9
70,464,132,1,9,2019-03-29 00:00:00,2019-03-17 08:54:00,464,ab0c6b16e41f44b0,,9
71,53,181,5,20,2019-03-27 00:00:00,2019-03-17 11:07:00,53,a696945e7053af62,,4
73,53,181,5,20,2019-03-26 00:00:00,2019-03-17 11:07:00,53,a696945e7053af62,,4
42,689,185,5,15,2019-03-20 00:00:00,2019-03-20 19:08:00,689,a696945e7053af62,done,3
69,464,132,1,9,2019-03-28 00:00:00,2019-03-28 20:57:00,464,a696945e7053af62,done,9
72,53,181,5,20,2019-03-28 00:00:00,2019-03-28 20:56:00,53,a696945e7053af62,done,4
90,61,176,1,3,2019-04-03 00:00:00,2019-03-29 12:34:00,61,a696945e7053af62,del,3
92,61,176,1,3,2019-04-05 00:00:00,2019-03-29 12:34:00,61,a696945e7053af62,del,3
34,716,182,11,44,2019-03-12 00:00:00,2019-03-12 18:04:00,,aa3130d9ed20b81a,del,4
35,716,185,11,33,2019-03-12 00:00:00,2019-03-12 18:05:00,,aa3130d9ed20b81a,del,3
33,689,185,5,15,2019-03-16 00:00:00,2019-03-16 11:30:00,689,ab0c6b16e41f44b0,del,3
21,140,185,1,50,2019-03-11 00:00:00,2019-03-11 07:55:00,,ab0c6b16e41f44b0,del,
22,140,81,1,55,2019-03-11 00:00:00,2019-03-11 07:56:00,,ab0c6b16e41f44b0,del,
23,140,183,5,15,2019-03-11 00:00:00,2019-03-11 08:32:00,,ab0c6b16e41f44b0,del,
24,140,180,5,25,2019-03-11 00:00:00,2019-03-11 08:40:00,,ab0c6b16e41f44b0,del,
47,500,98,1,6,2019-03-18 00:00:00,2019-03-14 20:46:00,,f962f6723f86cb26,del,6
48,500,100,1,10,2019-03-18 00:00:00,2019-03-14 20:46:00,,f962f6723f86cb26,del,10
44,689,185,5,15,2019-03-22 00:00:00,2019-03-14 20:43:00,,f962f6723f86cb26,del,3
46,500,188,1,21,2019-03-18 00:00:00,2019-03-14 20:46:00,,f962f6723f86cb26,del,21
43,689,185,5,15,2019-03-21 00:00:00,2019-03-21 14:16:00,689,a696945e7053af62,del,3
45,689,185,5,15,2019-03-23 00:00:00,2019-03-23 11:24:00,689,ab0c6b16e41f44b0,del,3
52,427,182,5,20,2019-03-18 00:00:00,2019-03-18 12:07:00,427,ab0c6b16e41f44b0,del,4
51,500,176,1,3,2019-03-18 00:00:00,2019-03-14 20:46:00,,f962f6723f86cb26,del,3
53,427,182,5,20,2019-03-19 00:00:00,2019-03-15 20:38:00,,874da9a893938146,del,4
54,427,182,5,20,2019-03-21 00:00:00,2019-03-21 14:17:00,427,a696945e7053af62,del,4
60,140,82,5,150,2019-03-16 00:00:00,2019-03-16 21:12:00,140,a696945e7053af62,del,30
61,52,182,1,4,2019-03-18 00:00:00,2019-03-16 19:27:00,52,ab0c6b16e41f44b0,del,4
62,52,182,1,4,2019-03-19 00:00:00,2019-03-16 19:27:00,52,ab0c6b16e41f44b0,del,4
63,53,100,2,20,2019-03-25 00:00:00,2019-03-17 10:42:00,53,a696945e7053af62,del,10
64,53,100,2,20,2019-03-27 00:00:00,2019-03-17 10:42:00,53,a696945e7053af62,del,10
55,427,185,5,15,2019-03-21 00:00:00,2019-03-21 14:17:00,427,a696945e7053af62,del,3
75,358,3,1,23,2019-03-25 00:00:00,2019-03-17 11:15:00,358,a696945e7053af62,del,23
76,358,182,1,4,2019-03-25 00:00:00,2019-03-17 11:15:00,358,a696945e7053af62,del,4
77,358,182,1,4,2019-03-26 00:00:00,2019-03-17 11:15:00,358,a696945e7053af62,del,4
78,358,182,1,4,2019-03-28 00:00:00,2019-03-17 11:15:00,358,a696945e7053af62,del,4
79,53,191,2,50,2019-03-26 00:00:00,2019-03-17 16:14:00,53,f962f6723f86cb26,del,25
89,61,176,1,3,2019-04-02 00:00:00,2019-03-29 12:34:00,61,a696945e7053af62,del,3
86,689,183,5,15,2019-03-28 00:00:00,2019-03-23 11:23:00,689,ab0c6b16e41f44b0,del,3
88,61,176,1,3,2019-04-01 00:00:00,2019-03-29 12:34:00,61,a696945e7053af62,del,3
87,689,183,5,15,2019-03-29 00:00:00,2019-03-23 11:24:00,689,ab0c6b16e41f44b0,del,3
18,53,98,5,30,2019-03-10 00:00:00,2019-03-10 15:14:00,,ab0c6b16e41f44b0,del,
19,689,177,1,50,2019-03-10 00:00:00,2019-03-10 18:52:00,,ab0c6b16e41f44b0,del,
20,689,83,1,50,2019-03-14 00:00:00,2019-03-14 20:42:00,,ab0c6b16e41f44b0,del,
17,53,83,1,30,2019-03-10 00:00:00,2019-03-10 15:12:00,,ab0c6b16e41f44b0,del,
26,53,98,2,12,2019-03-15 00:00:00,2019-03-15 20:40:00,,ab0c6b16e41f44b0,del,6
25,140,83,3,90,2019-03-16 00:00:00,2019-03-16 21:12:00,140,a696945e7053af62,del,30
32,689,183,1,3,2019-03-16 00:00:00,2019-03-16 11:30:00,689,ab0c6b16e41f44b0,del,3
84,689,183,5,15,2019-03-26 00:00:00,2019-03-23 11:23:00,689,ab0c6b16e41f44b0,del,3
83,427,182,5,20,2019-03-29 00:00:00,2019-03-18 12:09:00,427,ab0c6b16e41f44b0,del,4
85,689,183,5,15,2019-03-26 00:00:00,2019-03-23 11:23:00,689,ab0c6b16e41f44b0,del,3
28,500,190,1,29,2019-03-12 00:00:00,2019-03-12 07:39:00,,ab0c6b16e41f44b0,del,29
29,500,188,1,21,2019-03-12 00:00:00,2019-03-12 07:40:00,,ab0c6b16e41f44b0,del,21
31,689,182,1,4,2019-03-13 00:00:00,2019-03-13 09:30:00,,ab0c6b16e41f44b0,del,4
91,61,176,9,27,2019-04-04 00:00:00,2019-08-14 19:13:00,140,447f3df9c7240c3c,del,3
59,140,81,3,90,2019-03-19 00:00:00,2019-03-16 08:52:00,140,ab0c6b16e41f44b0,del,30
94,61,182,2,8,2019-04-04 00:00:00,2019-03-29 12:34:00,61,a696945e7053af62,del,4
56,427,185,5,15,2019-03-22 00:00:00,2019-03-15 20:38:00,,874da9a893938146,del,3
57,427,84,5,125,2019-03-22 00:00:00,2019-03-15 20:38:00,,874da9a893938146,del,25
27,500,189,1,20,2019-03-12 00:00:00,2019-03-12 07:39:00,,ab0c6b16e41f44b0,del,20
49,500,100,1,10,2019-03-20 00:00:00,2019-03-20 19:07:00,500,a696945e7053af62,del,10
50,500,100,1,10,2019-03-23 00:00:00,2019-03-23 18:43:00,500,a696945e7053af62,del,10
65,464,3,5,23,2019-03-25 00:00:00,2019-03-17 08:54:00,464,ab0c6b16e41f44b0,"",23
99,689,8,5,40,2019-08-20 00:00:00,2019-08-12 16:27:00,689,3924fd504ff1ea2d,,8
100,689,8,5,40,2019-08-21 00:00:00,2019-08-12 16:27:00,689,3924fd504ff1ea2d,,8
103,61,182,2,8,2019-04-02 00:00:00,2019-08-13 18:05:00,140,3924fd504ff1ea2d,,4
104,61,176,1,3,2019-08-20 00:00:00,2019-08-13 18:06:00,140,3924fd504ff1ea2d,,3
102,689,176,1,3,2019-08-22 00:00:00,2019-08-12 16:27:00,689,3924fd504ff1ea2d,del,3
101,689,8,5,40,2019-08-22 00:00:00,2019-08-12 16:27:00,689,3924fd504ff1ea2d,del,8
93,61,182,2,8,2019-04-05 00:00:00,2019-03-29 12:34:00,61,a696945e7053af62,del,4
107,528,97,10,150,2020-04-06 00:00:00,2020-03-30 06:20:00,528,70566f4ac30bd154,,15
106,528,97,10,150,2020-04-07 00:00:00,2020-03-30 06:20:00,528,70566f4ac30bd154,,15
108,4,3,1,20,2020-04-06 00:00:00,2020-04-03 05:43:00,4,70566f4ac30bd154,,20
110,15,3,1,20,2020-05-04 00:00:00,2020-04-26 07:13:00,15,70566f4ac30bd154,del,20
111,17,3,1,20,2020-05-04 00:00:00,2020-04-27 09:43:00,17,b1aef469408b5b2e,,20
112,18,181,10,40,2020-05-04 00:00:00,2020-04-27 06:47:00,18,6b7784294592c43c,,4
113,18,180,10,50,2020-05-04 00:00:00,2020-04-27 06:48:00,18,6b7784294592c43c,,5
114,18,180,10,50,2020-05-06 00:00:00,2020-04-27 06:48:00,18,6b7784294592c43c,,5
125,16,133,1,16,2020-06-03 00:00:00,2020-05-29 15:04:49.362734,16,70566f4ac30bd154,,16
126,16,176,1,3,2020-06-03 00:00:00,2020-05-29 15:04:49.362734,16,70566f4ac30bd154,,3
127,16,3,1,20,2020-06-04 00:00:00,2020-05-29 15:04:49.747148,16,70566f4ac30bd154,,20
128,16,133,1,16,2020-06-04 00:00:00,2020-05-29 15:04:49.747148,16,70566f4ac30bd154,,16
129,16,176,1,3,2020-06-04 00:00:00,2020-05-29 15:04:49.747148,16,70566f4ac30bd154,,3
130,16,3,1,20,2020-06-05 00:00:00,2020-05-29 15:04:50.133063,16,70566f4ac30bd154,,20
131,16,133,1,16,2020-06-05 00:00:00,2020-05-29 15:04:50.133063,16,70566f4ac30bd154,,16
132,16,176,1,3,2020-06-05 00:00:00,2020-05-29 15:04:50.133063,16,70566f4ac30bd154,,3
115,16,3,1,20,2020-05-29 00:00:00,2020-05-29 15:05:00,16,70566f4ac30bd154,done,20
116,16,133,1,16,2020-05-29 00:00:00,2020-05-29 15:05:00,16,70566f4ac30bd154,done,16
117,16,176,1,3,2020-05-29 00:00:00,2020-05-29 15:05:00,16,70566f4ac30bd154,done,3
121,16,3,1,20,2020-06-02 00:00:00,2020-05-29 15:04:48.97752,16,70566f4ac30bd154,del,20
120,16,176,1,3,2020-05-31 00:00:00,2020-05-31 08:12:00,16,70566f4ac30bd154,done,3
118,16,3,1,20,2020-06-01 00:00:00,2020-06-01 10:40:00,16,b1aef469408b5b2e,done,20
119,16,133,1,16,2020-06-01 00:00:00,2020-06-01 10:40:00,16,b1aef469408b5b2e,done,16
142,53,100,2,20,2020-06-17 00:00:00,2020-06-17 14:00:00,53,cb99776f4779ac6d,done,10
6,53,97,3,50,2019-03-10 00:00:00,2019-03-10 13:19:00,,ab0c6b16e41f44b0,del,
7,53,83,3,50,2019-03-10 00:00:00,2019-03-10 13:29:00,,ab0c6b16e41f44b0,del,
36,716,183,11,33,2019-03-12 00:00:00,2019-03-12 18:05:00,,aa3130d9ed20b81a,del,3
39,140,83,3,105,2019-03-19 00:00:00,2019-03-14 07:49:00,,ab0c6b16e41f44b0,del,35
40,689,185,5,15,2019-03-18 00:00:00,2019-03-14 20:42:00,,f962f6723f86cb26,del,3
41,689,185,5,15,2019-03-19 00:00:00,2019-03-14 20:42:00,,f962f6723f86cb26,del,3
136,53,100,2,20,2020-06-22 00:00:00,2020-06-17 13:59:36.958217,53,447f3df9c7240c3c,del,10
137,53,100,2,20,2020-06-23 00:00:00,2020-06-17 13:59:37.350225,53,447f3df9c7240c3c,del,10
138,53,100,2,20,2020-06-24 00:00:00,2020-06-17 13:59:37.717256,53,447f3df9c7240c3c,del,10
139,53,100,2,20,2020-06-25 00:00:00,2020-06-17 13:59:38.083992,53,447f3df9c7240c3c,del,10
140,53,100,2,20,2020-06-26 00:00:00,2020-06-17 13:59:38.450665,53,447f3df9c7240c3c,del,10
141,53,100,2,20,2020-06-27 00:00:00,2020-06-17 13:59:38.818355,53,447f3df9c7240c3c,del,10
133,16,3,1,20,2020-06-06 00:00:00,2020-05-29 15:04:50.517689,16,70566f4ac30bd154,del,20
134,16,133,1,16,2020-06-06 00:00:00,2020-05-29 15:04:50.517689,16,70566f4ac30bd154,del,16
135,16,176,1,3,2020-06-06 00:00:00,2020-05-29 15:04:50.517689,16,70566f4ac30bd154,del,3
122,16,133,1,16,2020-06-02 00:00:00,2020-05-29 15:04:48.97752,16,70566f4ac30bd154,del,16
123,16,176,1,3,2020-06-02 00:00:00,2020-05-29 15:04:48.97752,16,70566f4ac30bd154,del,3
124,16,3,1,20,2020-06-03 00:00:00,2020-05-29 15:04:49.362734,16,70566f4ac30bd154,del,20
147,17,3,1,20,2020-06-26 00:00:00,2020-06-17 17:26:22.113036,17,b1aef469408b5b2e,del,20
148,17,3,1,20,2020-06-27 00:00:00,2020-06-17 17:26:22.399266,17,b1aef469408b5b2e,del,20
143,17,3,1,20,2020-06-22 00:00:00,2020-06-17 17:25:45.198437,17,b1aef469408b5b2e,del,20
144,17,3,1,20,2020-06-23 00:00:00,2020-06-17 17:26:21.257273,17,b1aef469408b5b2e,del,20
145,17,3,1,20,2020-06-24 00:00:00,2020-06-17 17:26:21.542077,17,b1aef469408b5b2e,del,20
146,17,3,1,20,2020-06-25 00:00:00,2020-06-17 17:26:21.828002,17,b1aef469408b5b2e,del,20
151,17,3,1,20,2020-06-24 00:00:00,2020-06-17 21:10:24.979435,17,b1aef469408b5b2e,del,20
152,17,3,1,20,2020-06-25 00:00:00,2020-06-17 21:10:25.272972,17,b1aef469408b5b2e,del,20
153,17,3,1,20,2020-06-26 00:00:00,2020-06-17 21:10:25.563931,17,b1aef469408b5b2e,del,20
154,17,3,1,20,2020-06-27 00:00:00,2020-06-17 21:10:25.999187,17,b1aef469408b5b2e,del,20
156,17,3,1,20,2020-06-24 00:00:00,2020-06-17 21:21:53.357479,17,b1aef469408b5b2e,,20
157,17,3,1,20,2020-06-25 00:00:00,2020-06-17 21:21:53.842356,17,b1aef469408b5b2e,,20
159,17,3,1,20,2020-06-27 00:00:00,2020-06-17 21:21:54.573275,17,b1aef469408b5b2e,,20
160,53,100,2,20,2020-06-23 00:00:00,2020-06-18 07:52:29.148882,53,cb99776f4779ac6d,del,10
161,53,100,2,20,2020-06-24 00:00:00,2020-06-18 07:52:29.446706,53,cb99776f4779ac6d,del,10
155,53,100,2,20,2020-06-22 00:00:00,2020-06-17 18:16:42.042458,53,cb99776f4779ac6d,del,10
150,17,3,1,20,2020-06-23 00:00:00,2020-06-23 19:29:00,17,b1aef469408b5b2e,done,20
149,17,3,1,20,2020-06-19 00:00:00,2020-06-19 14:42:00,17,b1aef469408b5b2e,done,20
98,689,8,5,40,2019-08-19 00:00:00,2019-08-12 16:27:00,689,3924fd504ff1ea2d,del,8
158,17,3,1,20,2020-06-26 00:00:00,2020-06-26 20:33:00,17,b1aef469408b5b2e,done,20
95,61,182,4,16,2019-04-03 00:00:00,2019-03-29 12:35:00,61,a696945e7053af62,del,4
96,61,182,2,8,2019-04-02 00:00:00,2019-03-29 12:35:00,61,a696945e7053af62,del,4
97,61,182,2,8,2019-04-01 00:00:00,2019-03-29 12:35:00,61,a696945e7053af62,del,4
162,53,100,2,20,2020-06-25 00:00:00,2020-06-18 07:52:29.737318,53,cb99776f4779ac6d,del,10
163,53,100,2,20,2020-06-26 00:00:00,2020-06-18 07:52:30.025434,53,cb99776f4779ac6d,del,10
164,53,100,2,20,2020-06-27 00:00:00,2020-06-18 07:52:30.31494,53,cb99776f4779ac6d,del,10
165,16,3,1,20,2020-06-22 00:00:00,2020-06-19 09:54:24.004018,16,70566f4ac30bd154,,20
166,16,133,1,16,2020-06-22 00:00:00,2020-06-19 09:54:24.004018,16,70566f4ac30bd154,,16
167,16,176,1,3,2020-06-22 00:00:00,2020-06-19 09:54:24.004018,16,70566f4ac30bd154,,3
168,16,3,1,20,2020-06-23 00:00:00,2020-06-19 09:54:24.344966,16,70566f4ac30bd154,,20
169,16,133,1,16,2020-06-23 00:00:00,2020-06-19 09:54:24.344966,16,70566f4ac30bd154,,16
170,16,176,1,3,2020-06-23 00:00:00,2020-06-19 09:54:24.344966,16,70566f4ac30bd154,,3
171,16,3,1,20,2020-06-24 00:00:00,2020-06-19 09:54:24.635355,16,70566f4ac30bd154,,20
172,16,133,1,16,2020-06-24 00:00:00,2020-06-19 09:54:24.635355,16,70566f4ac30bd154,,16
173,16,176,1,3,2020-06-24 00:00:00,2020-06-19 09:54:24.635355,16,70566f4ac30bd154,,3
80,427,183,5,15,2019-03-27 00:00:00,2019-03-18 12:08:00,427,ab0c6b16e41f44b0,del,3
81,427,183,5,15,2019-03-28 00:00:00,2019-03-18 12:08:00,427,ab0c6b16e41f44b0,del,3
82,427,183,5,15,2019-03-29 00:00:00,2019-03-18 12:08:00,427,ab0c6b16e41f44b0,del,3
174,16,3,1,20,2020-06-25 00:00:00,2020-06-19 09:54:24.924535,16,70566f4ac30bd154,del,20
175,16,133,1,16,2020-06-25 00:00:00,2020-06-19 09:54:24.924535,16,70566f4ac30bd154,del,16
176,16,176,1,3,2020-06-25 00:00:00,2020-06-19 09:54:24.924535,16,70566f4ac30bd154,del,3
177,16,3,1,20,2020-06-26 00:00:00,2020-06-19 09:54:25.212256,16,70566f4ac30bd154,del,20
178,16,133,1,16,2020-06-26 00:00:00,2020-06-19 09:54:25.212256,16,70566f4ac30bd154,del,16
179,16,176,1,3,2020-06-26 00:00:00,2020-06-19 09:54:25.212256,16,70566f4ac30bd154,del,3
180,16,3,1,20,2020-06-27 00:00:00,2020-06-19 09:54:25.501685,16,70566f4ac30bd154,del,20
181,16,133,1,16,2020-06-27 00:00:00,2020-06-19 09:54:25.501685,16,70566f4ac30bd154,del,16
182,16,176,1,3,2020-06-27 00:00:00,2020-06-19 09:54:25.501685,16,70566f4ac30bd154,del,3
183,17,3,1,20,2020-06-22 00:00:00,2020-06-19 17:05:06.663687,17,b1aef469408b5b2e,,20
195,464,3,1,23,2020-06-24 00:00:00,2020-06-20 07:39:21.491456,464,"",,23
196,464,132,1,9,2020-06-24 00:00:00,2020-06-20 07:39:21.491456,464,"",,9
197,464,3,1,23,2020-06-25 00:00:00,2020-06-20 07:39:21.82148,464,"",,23
198,464,132,1,9,2020-06-25 00:00:00,2020-06-20 07:39:21.82148,464,"",,9
199,464,3,1,23,2020-06-26 00:00:00,2020-06-20 07:39:22.154637,464,"",,23
200,464,132,1,9,2020-06-26 00:00:00,2020-06-20 07:39:22.154637,464,"",,9
201,464,3,1,23,2020-06-27 00:00:00,2020-06-20 07:39:22.487554,464,"",,23
190,20,3,1,20,2020-06-27 00:00:00,2020-06-19 14:18:18.482538,20,cb99776f4779ac6d,del,20
189,20,3,1,20,2020-06-26 00:00:00,2020-06-19 14:18:18.177205,20,cb99776f4779ac6d,del,20
186,20,3,1,20,2020-06-23 00:00:00,2020-06-19 14:18:17.281351,20,cb99776f4779ac6d,del,20
207,20,3,1,20,2020-07-03 00:00:00,2020-06-21 14:27:07.325711,20,cb99776f4779ac6d,del,20
208,20,3,1,20,2020-07-04 00:00:00,2020-06-21 14:27:07.688317,20,cb99776f4779ac6d,del,20
204,20,3,1,20,2020-06-30 00:00:00,2020-06-21 14:27:06.237607,20,cb99776f4779ac6d,del,20
205,20,3,1,20,2020-07-01 00:00:00,2020-06-21 14:27:06.5997,20,cb99776f4779ac6d,del,20
206,20,3,1,20,2020-07-02 00:00:00,2020-06-21 14:27:06.963113,20,cb99776f4779ac6d,del,20
188,20,3,1,20,2020-06-25 00:00:00,2020-06-19 14:18:17.879542,20,cb99776f4779ac6d,del,20
203,20,3,1,20,2020-06-29 00:00:00,2020-06-21 14:27:05.861072,20,cb99776f4779ac6d,del,20
213,20,3,1,20,2020-07-03 00:00:00,2020-06-21 15:29:14.269884,20,cb99776f4779ac6d,del,20
214,20,3,1,20,2020-07-04 00:00:00,2020-06-21 15:29:14.550109,20,cb99776f4779ac6d,del,20
212,20,3,1,20,2020-07-02 00:00:00,2020-06-21 15:29:13.987526,20,cb99776f4779ac6d,del,20
210,20,3,1,20,2020-06-30 00:00:00,2020-06-21 15:29:13.428067,20,cb99776f4779ac6d,del,20
211,20,3,1,20,2020-07-01 00:00:00,2020-06-21 15:29:13.70775,20,cb99776f4779ac6d,del,20
187,20,3,1,20,2020-06-24 00:00:00,2020-06-19 14:18:17.580959,20,cb99776f4779ac6d,del,20
209,20,3,1,20,2020-06-29 00:00:00,2020-06-21 15:29:13.121019,20,cb99776f4779ac6d,del,20
218,20,3,1,20,2020-07-02 00:00:00,2020-06-21 15:45:50.593298,20,cb99776f4779ac6d,del,20
219,20,3,1,20,2020-07-03 00:00:00,2020-06-21 15:45:50.900485,20,cb99776f4779ac6d,del,20
220,20,3,1,20,2020-07-04 00:00:00,2020-06-21 15:45:51.207044,20,cb99776f4779ac6d,del,20
215,20,3,1,20,2020-06-29 00:00:00,2020-06-21 15:45:49.667487,20,cb99776f4779ac6d,del,20
216,20,3,1,20,2020-06-30 00:00:00,2020-06-21 15:45:49.979779,20,cb99776f4779ac6d,del,20
217,20,3,1,20,2020-07-01 00:00:00,2020-06-21 15:45:50.287069,20,cb99776f4779ac6d,del,20
226,20,3,1,20,2020-07-04 00:00:00,2020-06-21 17:19:13.862042,20,cb99776f4779ac6d,del,20
222,20,3,1,20,2020-06-30 00:00:00,2020-06-21 17:19:12.621482,20,cb99776f4779ac6d,del,20
224,20,3,1,20,2020-07-02 00:00:00,2020-06-21 17:19:13.21317,20,cb99776f4779ac6d,del,20
221,20,3,1,20,2020-06-29 00:00:00,2020-06-21 17:18:46.217154,20,cb99776f4779ac6d,del,20
225,20,3,1,20,2020-07-03 00:00:00,2020-06-21 17:19:13.508697,20,cb99776f4779ac6d,del,20
184,20,3,1,20,2020-06-21 00:00:00,2020-06-21 18:03:00,20,cb99776f4779ac6d,done,20
185,20,3,1,20,2020-06-21 00:00:00,2020-06-21 18:03:00,20,cb99776f4779ac6d,done,20
223,20,3,1,20,2020-07-01 00:00:00,2020-06-21 17:19:12.917617,20,cb99776f4779ac6d,del,20
228,20,3,1,20,2020-06-30 00:00:00,2020-06-21 17:53:10.009561,20,cb99776f4779ac6d,del,20
229,20,3,1,20,2020-07-02 00:00:00,2020-06-21 17:53:10.614888,20,cb99776f4779ac6d,del,20
230,20,3,1,20,2020-07-03 00:00:00,2020-06-21 17:53:10.916335,20,cb99776f4779ac6d,del,20
231,20,3,1,20,2020-07-04 00:00:00,2020-06-21 17:53:11.216535,20,cb99776f4779ac6d,del,20
227,20,188,1,21,2020-06-29 00:00:00,2020-06-29 08:13:00,20,cb99776f4779ac6d,done,21
232,17,3,1,20,2020-06-29 00:00:00,2020-06-23 19:29:52.946163,17,b1aef469408b5b2e,del,20
233,17,3,1,20,2020-06-30 00:00:00,2020-06-23 19:29:53.432929,17,b1aef469408b5b2e,del,20
234,17,3,1,20,2020-07-01 00:00:00,2020-06-23 19:29:53.803384,17,b1aef469408b5b2e,del,20
235,17,3,1,20,2020-07-02 00:00:00,2020-06-23 19:29:54.173384,17,b1aef469408b5b2e,del,20
236,17,3,1,20,2020-07-03 00:00:00,2020-06-23 19:29:54.663017,17,b1aef469408b5b2e,del,20
237,17,3,1,20,2020-07-04 00:00:00,2020-06-23 19:29:55.034574,17,b1aef469408b5b2e,del,20
238,689,8,5,40,2020-06-29 00:00:00,2020-06-26 07:44:39.39769,689,70566f4ac30bd154,,8
239,689,8,5,40,2020-06-30 00:00:00,2020-06-26 07:44:39.748583,689,70566f4ac30bd154,,8
240,689,8,5,40,2020-07-01 00:00:00,2020-06-26 07:44:40.070926,689,70566f4ac30bd154,,8
241,689,8,5,40,2020-07-02 00:00:00,2020-06-26 07:44:40.393942,689,70566f4ac30bd154,,8
242,689,8,5,40,2020-07-03 00:00:00,2020-06-26 07:44:40.719413,689,70566f4ac30bd154,,8
243,689,8,5,40,2020-07-04 00:00:00,2020-06-26 07:44:41.042324,689,70566f4ac30bd154,,8
247,500,189,1,20,2020-06-30 00:00:00,2020-06-26 09:57:42.499406,500,b1aef469408b5b2e,,20
248,500,190,1,29,2020-06-30 00:00:00,2020-06-26 09:57:42.499406,500,b1aef469408b5b2e,,29
249,500,188,1,21,2020-06-30 00:00:00,2020-06-26 09:57:42.499406,500,b1aef469408b5b2e,,21
250,500,189,1,20,2020-07-01 00:00:00,2020-06-26 09:57:42.799142,500,b1aef469408b5b2e,,20
251,500,190,1,29,2020-07-01 00:00:00,2020-06-26 09:57:42.799142,500,b1aef469408b5b2e,,29
252,500,188,1,21,2020-07-01 00:00:00,2020-06-26 09:57:42.799142,500,b1aef469408b5b2e,,21
254,500,190,1,29,2020-07-02 00:00:00,2020-06-26 09:57:43.106674,500,b1aef469408b5b2e,,29
255,500,188,1,21,2020-07-02 00:00:00,2020-06-26 09:57:43.106674,500,b1aef469408b5b2e,,21
288,528,83,10,,2020-07-04 00:00:00,2020-06-27 08:45:44.678123,140,7964256e0a63db1f,del,
289,528,82,1,,2020-07-04 00:00:00,2020-06-27 08:45:44.678123,140,7964256e0a63db1f,del,
245,500,190,1,29,2020-06-26 00:00:00,2020-06-26 09:59:00,500,cb99776f4779ac6d,done,29
246,500,188,1,21,2020-06-26 00:00:00,2020-06-26 09:59:00,500,cb99776f4779ac6d,done,21
262,500,3,1,20,2020-06-26 00:00:00,2020-06-26 09:59:00,500,cb99776f4779ac6d,done,20
191,464,3,1,23,2020-06-22 00:00:00,2020-06-20 07:39:20.81742,464,70566f4ac30bd154,"",23
266,528,83,10,350,2020-06-30 00:00:00,2020-06-27 08:24:04.633714,528,3924fd504ff1ea2d,,35
267,528,82,1,30,2020-06-30 00:00:00,2020-06-27 08:24:04.633714,528,3924fd504ff1ea2d,,30
268,528,9,5,125,2020-06-30 00:00:00,2020-06-27 08:24:04.633714,528,3924fd504ff1ea2d,,25
269,528,83,10,350,2020-07-01 00:00:00,2020-06-27 08:24:04.919569,528,3924fd504ff1ea2d,,35
270,528,82,1,30,2020-07-01 00:00:00,2020-06-27 08:24:04.919569,528,3924fd504ff1ea2d,,30
271,528,9,5,125,2020-07-01 00:00:00,2020-06-27 08:24:04.919569,528,3924fd504ff1ea2d,,25
272,528,83,10,350,2020-07-02 00:00:00,2020-06-27 08:24:05.204944,528,3924fd504ff1ea2d,,35
273,528,82,1,30,2020-07-02 00:00:00,2020-06-27 08:24:05.204944,528,3924fd504ff1ea2d,,30
274,528,9,5,125,2020-07-02 00:00:00,2020-06-27 08:24:05.204944,528,3924fd504ff1ea2d,,25
275,528,83,10,350,2020-07-03 00:00:00,2020-06-27 08:24:05.488735,528,3924fd504ff1ea2d,,35
276,528,82,1,30,2020-07-03 00:00:00,2020-06-27 08:24:05.488735,528,3924fd504ff1ea2d,,30
277,528,9,5,125,2020-07-03 00:00:00,2020-06-27 08:24:05.488735,528,3924fd504ff1ea2d,,25
281,63,3,1,20,2020-06-27 00:00:00,2020-06-27 08:36:00,63,cb99776f4779ac6d,,20
282,63,3,1,,2020-06-29 00:00:00,2020-06-27 08:41:50.434301,63,"",del,
283,63,3,1,,2020-06-30 00:00:00,2020-06-27 08:42:00.255088,63,"",del,
284,63,3,1,,2020-07-01 00:00:00,2020-06-27 08:42:00.537586,63,"",del,
285,63,3,1,,2020-07-02 00:00:00,2020-06-27 08:42:00.819206,63,"",del,
286,63,3,1,,2020-07-03 00:00:00,2020-06-27 08:42:01.104098,63,"",del,
287,63,3,1,,2020-07-04 00:00:00,2020-06-27 08:42:01.386215,63,"",del,
278,528,83,10,350,2020-07-04 00:00:00,2020-06-27 08:24:05.77949,528,3924fd504ff1ea2d,del,35
279,528,82,1,30,2020-07-04 00:00:00,2020-06-27 08:24:05.77949,528,3924fd504ff1ea2d,del,30
280,528,9,5,125,2020-07-04 00:00:00,2020-06-27 08:24:05.77949,528,3924fd504ff1ea2d,del,25
290,528,9,5,,2020-07-04 00:00:00,2020-06-27 08:45:44.678123,140,7964256e0a63db1f,del,
253,500,189,1,20,2020-07-02 00:00:00,2020-06-26 09:57:43.106674,500,b1aef469408b5b2e,del,20
292,500,189,1,,2020-07-04 00:00:00,2020-06-27 09:08:34.323196,140,7964256e0a63db1f,del,
291,20,188,2,42,2020-06-30 00:00:00,2020-06-27 09:00:00,140,cb99776f4779ac6d,del,21
259,500,189,1,20,2020-07-04 00:00:00,2020-06-26 09:57:43.697055,500,b1aef469408b5b2e,del,20
260,500,190,1,29,2020-07-04 00:00:00,2020-06-26 09:57:43.697055,500,b1aef469408b5b2e,del,29
261,500,188,1,21,2020-07-04 00:00:00,2020-06-26 09:57:43.697055,500,b1aef469408b5b2e,del,21
293,500,190,1,,2020-07-04 00:00:00,2020-06-27 09:08:34.323196,140,7964256e0a63db1f,del,
294,500,188,1,,2020-07-04 00:00:00,2020-06-27 09:08:34.323196,140,7964256e0a63db1f,del,
256,500,189,1,20,2020-07-03 00:00:00,2020-06-26 09:57:43.401479,500,b1aef469408b5b2e,del,20
257,500,190,1,29,2020-07-03 00:00:00,2020-06-26 09:57:43.401479,500,b1aef469408b5b2e,del,29
295,500,188,1,,2020-07-04 00:00:00,2020-06-27 09:21:52.800431,140,7964256e0a63db1f,del,
296,500,188,1,,2020-07-04 00:00:00,2020-06-27 09:22:37.527677,140,7964256e0a63db1f,del,
297,500,188,1,23,2020-07-04 00:00:00,2020-06-27 09:25:00.009614,140,7964256e0a63db1f,del,
298,500,188,2,46,2020-07-04 00:00:00,2020-06-27 09:32:00,140,cb99776f4779ac6d,,23
258,500,188,2,46,2020-07-03 00:00:00,2020-06-27 09:32:00,140,cb99776f4779ac6d,,23
244,500,189,1,20,2020-06-29 00:00:00,2020-06-29 08:13:00,500,cb99776f4779ac6d,done,20
301,18,181,10,,2020-07-07 00:00:00,2020-06-29 08:16:11.711075,18,6b7784294592c43c,,
302,18,180,10,,2020-07-07 00:00:00,2020-06-29 08:16:11.711075,18,6b7784294592c43c,,
303,18,181,10,,2020-07-08 00:00:00,2020-06-29 08:16:12.006825,18,6b7784294592c43c,,
263,528,83,10,350,2020-06-29 00:00:00,2020-06-29 08:15:00,528,cb99776f4779ac6d,done,35
264,528,82,1,30,2020-06-29 00:00:00,2020-06-29 08:15:00,528,cb99776f4779ac6d,done,30
265,528,9,5,125,2020-06-29 00:00:00,2020-06-29 08:15:00,528,cb99776f4779ac6d,done,25
299,18,181,10,,2020-07-06 00:00:00,2020-06-29 08:16:11.380918,18,6b7784294592c43c,,
300,18,180,10,,2020-07-06 00:00:00,2020-06-29 08:16:11.380918,18,6b7784294592c43c,,
304,18,180,10,,2020-07-08 00:00:00,2020-06-29 08:16:12.006825,18,6b7784294592c43c,,
305,18,181,10,,2020-07-09 00:00:00,2020-06-29 08:16:12.301977,18,6b7784294592c43c,,
306,18,180,10,,2020-07-09 00:00:00,2020-06-29 08:16:12.301977,18,6b7784294592c43c,,
307,18,181,10,,2020-07-10 00:00:00,2020-06-29 08:16:12.596558,18,6b7784294592c43c,,
308,18,180,10,,2020-07-10 00:00:00,2020-06-29 08:16:12.596558,18,6b7784294592c43c,,
309,18,181,10,,2020-07-11 00:00:00,2020-06-29 08:16:12.891953,18,6b7784294592c43c,,
310,18,180,10,,2020-07-11 00:00:00,2020-06-29 08:16:12.891953,18,6b7784294592c43c,,
311,17,3,1,21,2020-08-31 00:00:00,2020-08-27 17:47:31.030448,17,b1aef469408b5b2e,,21
312,17,3,1,21,2020-09-01 00:00:00,2020-08-27 17:47:31.233595,17,b1aef469408b5b2e,,21
313,17,3,1,21,2020-09-02 00:00:00,2020-08-27 17:47:31.411219,17,b1aef469408b5b2e,,21
314,17,3,1,21,2020-09-03 00:00:00,2020-08-27 17:47:31.588829,17,b1aef469408b5b2e,,21
318,36,189,1,20,2020-10-05 00:00:00,2020-09-29 15:20:10.838945,36,bc3421a02ec01187,,20
319,36,189,1,20,2020-10-06 00:00:00,2020-09-29 15:20:11.070305,36,bc3421a02ec01187,,20
320,36,189,1,20,2020-10-07 00:00:00,2020-09-29 15:20:11.289277,36,bc3421a02ec01187,,20
321,36,189,1,20,2020-10-08 00:00:00,2020-09-29 15:20:11.508488,36,bc3421a02ec01187,,20
322,36,189,1,20,2020-10-09 00:00:00,2020-09-29 15:20:11.727127,36,bc3421a02ec01187,,20
323,36,189,1,20,2020-10-10 00:00:00,2020-09-29 15:20:11.945019,36,bc3421a02ec01187,,20
317,36,189,1,21,2020-09-29 00:00:00,2020-09-29 15:20:00,36,bc3421a02ec01187,done,21
325,140,186,1,15,2020-10-02 00:00:00,2020-10-02 13:45:00,140,b1aef469408b5b2e,,15
326,140,176,3,9,2020-10-02 00:00:00,2020-10-02 13:45:00,140,b1aef469408b5b2e,,3
327,140,176,3,9,2020-10-02 00:00:00,2020-10-02 13:45:00,140,b1aef469408b5b2e,del,3
329,140,186,1,,2020-10-05 00:00:00,2020-10-02 13:46:02.968747,140,7964256e0a63db1f,,
330,140,176,3,,2020-10-05 00:00:00,2020-10-02 13:46:02.968747,140,7964256e0a63db1f,,
331,140,189,1,20,2020-10-06 00:00:00,2020-10-02 13:46:10.358087,140,7964256e0a63db1f,,20
332,140,186,1,,2020-10-06 00:00:00,2020-10-02 13:46:10.358087,140,7964256e0a63db1f,,
333,140,176,3,,2020-10-06 00:00:00,2020-10-02 13:46:10.358087,140,7964256e0a63db1f,,
334,140,189,1,20,2020-10-07 00:00:00,2020-10-02 13:46:10.595048,140,7964256e0a63db1f,,20
335,140,186,1,,2020-10-07 00:00:00,2020-10-02 13:46:10.595048,140,7964256e0a63db1f,,
336,140,176,3,,2020-10-07 00:00:00,2020-10-02 13:46:10.595048,140,7964256e0a63db1f,,
337,140,189,1,20,2020-10-08 00:00:00,2020-10-02 13:46:10.831651,140,7964256e0a63db1f,,20
338,140,186,1,,2020-10-08 00:00:00,2020-10-02 13:46:10.831651,140,7964256e0a63db1f,,
339,140,176,3,,2020-10-08 00:00:00,2020-10-02 13:46:10.831651,140,7964256e0a63db1f,,
340,140,189,1,20,2020-10-09 00:00:00,2020-10-02 13:46:11.070714,140,7964256e0a63db1f,,20
341,140,186,1,,2020-10-09 00:00:00,2020-10-02 13:46:11.070714,140,7964256e0a63db1f,,
343,140,189,1,20,2020-10-10 00:00:00,2020-10-02 13:46:11.306261,140,7964256e0a63db1f,,20
344,140,186,1,,2020-10-10 00:00:00,2020-10-02 13:46:11.306261,140,7964256e0a63db1f,,
345,140,176,3,,2020-10-10 00:00:00,2020-10-02 13:46:11.306261,140,7964256e0a63db1f,,
346,4,3,1,21,2020-11-30 00:00:00,2020-11-28 10:25:38.396471,4,b1aef469408b5b2e,del,21
347,4,3,1,21,2020-12-01 00:00:00,2020-11-28 10:25:38.679516,4,b1aef469408b5b2e,del,21
348,4,3,1,21,2020-12-02 00:00:00,2020-11-28 10:25:38.887146,4,b1aef469408b5b2e,del,21
349,4,3,1,21,2020-12-03 00:00:00,2020-11-28 10:25:39.094559,4,b1aef469408b5b2e,del,21
350,4,3,1,21,2020-12-04 00:00:00,2020-11-28 10:25:39.30427,4,b1aef469408b5b2e,del,21
351,4,3,1,21,2020-12-05 00:00:00,2020-11-28 10:25:39.511777,4,b1aef469408b5b2e,del,21
352,4,3,1,21,2020-11-30 00:00:00,2020-11-28 11:47:44.755062,4,b1aef469408b5b2e,,21
353,4,3,1,21,2020-12-01 00:00:00,2020-11-28 12:50:11.811354,4,b1aef469408b5b2e,,21
354,4,3,1,21,2020-12-02 00:00:00,2020-11-28 12:50:12.070079,4,b1aef469408b5b2e,,21
355,4,3,1,21,2020-12-03 00:00:00,2020-11-28 12:50:12.316107,4,b1aef469408b5b2e,,21
357,4,3,1,21,2020-12-05 00:00:00,2020-11-28 12:50:12.811909,4,b1aef469408b5b2e,del,21
356,4,189,1,21,2020-12-04 00:00:00,2020-11-28 13:27:00,4,46860b782c3139e3,,21
359,35,189,1,21,2020-11-28 00:00:00,2020-11-28 18:26:00,35,10505312be2c4abb,,21
360,35,189,1,20,2020-11-30 00:00:00,2020-11-28 18:27:37.652693,35,3a303e4a11fc4ba3,,20
361,35,189,1,20,2020-12-01 00:00:00,2020-11-28 18:27:37.942187,35,3a303e4a11fc4ba3,,20
362,35,189,1,20,2020-12-02 00:00:00,2020-11-28 18:27:38.189669,35,3a303e4a11fc4ba3,,20
363,35,189,1,20,2020-12-03 00:00:00,2020-11-28 18:27:38.435543,35,3a303e4a11fc4ba3,,20
364,35,189,1,20,2020-12-04 00:00:00,2020-11-28 18:27:38.679099,35,3a303e4a11fc4ba3,,20
365,35,189,1,20,2020-12-05 00:00:00,2020-11-28 18:27:38.925352,35,3a303e4a11fc4ba3,,20
342,140,176,3,9,2020-12-07 00:00:00,2020-11-29 10:58:00,140,10505312be2c4abb,,3
328,140,189,1,21,2020-12-07 00:00:00,2020-11-29 03:07:00,140,89c63153da33eee5,,21
324,140,189,10,210,2020-12-07 00:00:00,2020-11-29 11:53:00,140,10505312be2c4abb,,21
366,35,189,1,20,2020-12-07 00:00:00,2020-11-29 05:39:21.447292,140,7964256e0a63db1f,,20
367,140,189,10,200,2020-12-08 00:00:00,2020-11-29 05:55:06.222799,140,7964256e0a63db1f,,20
368,140,189,1,20,2020-12-08 00:00:00,2020-11-29 05:55:06.222799,140,7964256e0a63db1f,,20
369,140,176,3,,2020-12-08 00:00:00,2020-11-29 05:55:06.222799,140,7964256e0a63db1f,,
370,140,189,102,2142,2020-12-08 00:00:00,2020-11-29 14:08:00,140,10505312be2c4abb,del,21
371,36,189,1,20,2020-12-07 00:00:00,2020-11-29 06:17:04.721788,140,7964256e0a63db1f,,20
372,36,189,1,20,2020-12-08 00:00:00,2020-11-29 06:17:04.947145,140,7964256e0a63db1f,,20
373,36,189,1,20,2020-12-09 00:00:00,2020-11-29 06:17:05.117758,140,7964256e0a63db1f,,20
374,36,189,1,20,2020-12-10 00:00:00,2020-11-29 06:17:05.288707,140,7964256e0a63db1f,,20
375,36,189,1,20,2020-12-11 00:00:00,2020-11-29 06:17:05.480938,140,7964256e0a63db1f,,20
376,36,189,1,20,2020-12-12 00:00:00,2020-11-29 06:17:05.651513,140,7964256e0a63db1f,,20
315,17,3,1,21,2020-09-04 00:00:00,2020-08-27 17:47:31.766736,17,b1aef469408b5b2e,del,21
316,17,3,1,21,2020-09-05 00:00:00,2020-08-27 17:47:31.950717,17,b1aef469408b5b2e,del,21
377,18,181,10,,2020-12-21 00:00:00,2020-12-13 20:15:09.942933,18,6b7784294592c43c,,
378,18,180,10,,2020-12-21 00:00:00,2020-12-13 20:15:09.942933,18,6b7784294592c43c,,
379,18,181,10,,2020-12-22 00:00:00,2020-12-13 20:15:10.197458,18,6b7784294592c43c,,
380,18,180,10,,2020-12-22 00:00:00,2020-12-13 20:15:10.197458,18,6b7784294592c43c,,
381,18,181,10,,2020-12-23 00:00:00,2020-12-13 20:15:10.434093,18,6b7784294592c43c,,
382,18,180,10,,2020-12-23 00:00:00,2020-12-13 20:15:10.434093,18,6b7784294592c43c,,
383,18,181,10,,2020-12-24 00:00:00,2020-12-13 20:15:10.665836,18,6b7784294592c43c,,
384,18,180,10,,2020-12-24 00:00:00,2020-12-13 20:15:10.665836,18,6b7784294592c43c,,
385,18,181,10,,2020-12-25 00:00:00,2020-12-13 20:15:10.897194,18,6b7784294592c43c,,
386,18,180,10,,2020-12-25 00:00:00,2020-12-13 20:15:10.897194,18,6b7784294592c43c,,
387,18,181,10,,2020-12-26 00:00:00,2020-12-13 20:15:11.127087,18,6b7784294592c43c,,
202,464,132,34,9,2020-06-27 00:00:00,2020-06-20 07:39:22.487554,464,"","",9
388,18,180,10,20,2020-12-26 00:00:00,2020-12-13 20:15:11.127087,18,6b7784294592c43c,"",0
389,689,185,5,15,2019-03-20 00:00:00,2019-03-20 19:08:00,689,a696945e7053af62,done,3
390,464,3,5,23,2019-03-25 00:00:00,2019-03-17 08:54:00,464,ab0c6b16e41f44b0,"",23
391,464,132,1,9,2019-03-25 00:00:00,2019-03-17 08:54:00,464,ab0c6b16e41f44b0,"",9
392,464,132,1,9,2019-03-26 00:00:00,2019-03-17 08:54:00,464,ab0c6b16e41f44b0,"",9
393,464,132,1,9,2019-03-27 00:00:00,2019-03-17 08:54:00,464,ab0c6b16e41f44b0,"",9
394,464,132,1,9,2019-03-28 00:00:00,2019-03-28 20:57:00,464,a696945e7053af62,done,9
395,464,132,1,9,2019-03-29 00:00:00,2019-03-17 08:54:00,464,ab0c6b16e41f44b0,"",9
396,53,181,5,20,2019-03-27 00:00:00,2019-03-17 11:07:00,53,a696945e7053af62,"",4
397,53,181,5,20,2019-03-28 00:00:00,2019-03-28 20:56:00,53,a696945e7053af62,done,4
398,53,181,5,20,2019-03-26 00:00:00,2019-03-17 11:07:00,53,a696945e7053af62,"",4
399,689,8,5,40,2019-08-20 00:00:00,2019-08-12 16:27:00,689,3924fd504ff1ea2d,"",8
400,689,8,5,40,2019-08-21 00:00:00,2019-08-12 16:27:00,689,3924fd504ff1ea2d,"",8
401,61,182,2,8,2019-04-02 00:00:00,2019-08-13 18:05:00,140,3924fd504ff1ea2d,"",4
402,61,176,1,3,2019-08-20 00:00:00,2019-08-13 18:06:00,140,3924fd504ff1ea2d,"",3
403,528,97,10,150,2020-04-07 00:00:00,2020-03-30 06:20:00,528,70566f4ac30bd154,"",15
404,528,97,10,150,2020-04-06 00:00:00,2020-03-30 06:20:00,528,70566f4ac30bd154,"",15
405,4,3,1,20,2020-04-06 00:00:00,2020-04-03 05:43:00,4,70566f4ac30bd154,"",20
406,17,3,1,20,2020-05-04 00:00:00,2020-04-27 09:43:00,17,b1aef469408b5b2e,"",20
407,18,181,10,40,2020-05-04 00:00:00,2020-04-27 06:47:00,18,6b7784294592c43c,"",4
408,18,180,10,50,2020-05-04 00:00:00,2020-04-27 06:48:00,18,6b7784294592c43c,"",5
409,18,180,10,50,2020-05-06 00:00:00,2020-04-27 06:48:00,18,6b7784294592c43c,"",5
410,16,3,1,20,2020-05-29 00:00:00,2020-05-29 15:05:00,16,70566f4ac30bd154,done,20
411,16,133,1,16,2020-05-29 00:00:00,2020-05-29 15:05:00,16,70566f4ac30bd154,done,16
412,16,176,1,3,2020-05-29 00:00:00,2020-05-29 15:05:00,16,70566f4ac30bd154,done,3
413,16,3,1,20,2020-06-01 00:00:00,2020-06-01 10:40:00,16,b1aef469408b5b2e,done,20
414,16,133,1,16,2020-06-01 00:00:00,2020-06-01 10:40:00,16,b1aef469408b5b2e,done,16
415,16,176,1,3,2020-05-31 00:00:00,2020-05-31 08:12:00,16,70566f4ac30bd154,done,3
416,16,133,1,16,2020-06-03 00:00:00,2020-05-29 15:04:49.362734,16,70566f4ac30bd154,"",16
417,16,176,1,3,2020-06-03 00:00:00,2020-05-29 15:04:49.362734,16,70566f4ac30bd154,"",3
418,16,3,1,20,2020-06-04 00:00:00,2020-05-29 15:04:49.747148,16,70566f4ac30bd154,"",20
419,16,133,1,16,2020-06-04 00:00:00,2020-05-29 15:04:49.747148,16,70566f4ac30bd154,"",16
420,16,176,1,3,2020-06-04 00:00:00,2020-05-29 15:04:49.747148,16,70566f4ac30bd154,"",3
421,16,3,1,20,2020-06-05 00:00:00,2020-05-29 15:04:50.133063,16,70566f4ac30bd154,"",20
422,16,133,1,16,2020-06-05 00:00:00,2020-05-29 15:04:50.133063,16,70566f4ac30bd154,"",16
423,16,176,1,3,2020-06-05 00:00:00,2020-05-29 15:04:50.133063,16,70566f4ac30bd154,"",3
424,53,100,2,20,2020-06-17 00:00:00,2020-06-17 14:00:00,53,cb99776f4779ac6d,done,10
425,17,3,1,20,2020-06-19 00:00:00,2020-06-19 14:42:00,17,b1aef469408b5b2e,done,20
426,17,3,1,20,2020-06-23 00:00:00,2020-06-23 19:29:00,17,b1aef469408b5b2e,done,20
427,17,3,1,20,2020-06-24 00:00:00,2020-06-17 21:21:53.357479,17,b1aef469408b5b2e,"",20
428,17,3,1,20,2020-06-25 00:00:00,2020-06-17 21:21:53.842356,17,b1aef469408b5b2e,"",20
429,17,3,1,20,2020-06-26 00:00:00,2020-06-26 20:33:00,17,b1aef469408b5b2e,done,20
430,17,3,1,20,2020-06-27 00:00:00,2020-06-17 21:21:54.573275,17,b1aef469408b5b2e,"",20
431,16,3,1,20,2020-06-22 00:00:00,2020-06-19 09:54:24.004018,16,70566f4ac30bd154,"",20
432,16,133,1,16,2020-06-22 00:00:00,2020-06-19 09:54:24.004018,16,70566f4ac30bd154,"",16
433,16,176,1,3,2020-06-22 00:00:00,2020-06-19 09:54:24.004018,16,70566f4ac30bd154,"",3
434,16,3,1,20,2020-06-23 00:00:00,2020-06-19 09:54:24.344966,16,70566f4ac30bd154,"",20
435,16,133,1,16,2020-06-23 00:00:00,2020-06-19 09:54:24.344966,16,70566f4ac30bd154,"",16
436,16,176,1,3,2020-06-23 00:00:00,2020-06-19 09:54:24.344966,16,70566f4ac30bd154,"",3
437,16,3,1,20,2020-06-24 00:00:00,2020-06-19 09:54:24.635355,16,70566f4ac30bd154,"",20
438,16,133,1,16,2020-06-24 00:00:00,2020-06-19 09:54:24.635355,16,70566f4ac30bd154,"",16
439,16,176,1,3,2020-06-24 00:00:00,2020-06-19 09:54:24.635355,16,70566f4ac30bd154,"",3
440,17,3,1,20,2020-06-22 00:00:00,2020-06-19 17:05:06.663687,17,b1aef469408b5b2e,"",20
441,20,3,1,20,2020-06-21 00:00:00,2020-06-21 18:03:00,20,cb99776f4779ac6d,done,20
442,20,3,1,20,2020-06-21 00:00:00,2020-06-21 18:03:00,20,cb99776f4779ac6d,done,20
443,464,3,1,23,2020-06-22 00:00:00,2020-06-20 07:39:20.81742,464,"","",23
444,464,132,1,9,2020-06-22 00:00:00,2020-06-20 07:39:20.81742,464,"","",9
445,464,3,1,23,2020-06-23 00:00:00,2020-06-20 07:39:21.161808,464,"","",23
446,464,132,1,9,2020-06-23 00:00:00,2020-06-20 07:39:21.161808,464,"","",9
447,464,3,1,23,2020-06-24 00:00:00,2020-06-20 07:39:21.491456,464,"","",23
448,464,132,1,9,2020-06-24 00:00:00,2020-06-20 07:39:21.491456,464,"","",9
449,464,3,1,23,2020-06-25 00:00:00,2020-06-20 07:39:21.82148,464,"","",23
450,464,132,1,9,2020-06-25 00:00:00,2020-06-20 07:39:21.82148,464,"","",9
451,464,3,1,23,2020-06-26 00:00:00,2020-06-20 07:39:22.154637,464,"","",23
452,464,132,1,9,2020-06-26 00:00:00,2020-06-20 07:39:22.154637,464,"","",9
453,464,3,1,23,2020-06-27 00:00:00,2020-06-20 07:39:22.487554,464,"","",23
454,464,132,34,9,2020-06-27 00:00:00,2020-06-20 07:39:22.487554,464,"","",9
455,20,188,1,21,2020-06-29 00:00:00,2020-06-29 08:13:00,20,cb99776f4779ac6d,done,21
456,689,8,5,40,2020-06-29 00:00:00,2020-06-26 07:44:39.39769,689,70566f4ac30bd154,"",8
457,689,8,5,40,2020-06-30 00:00:00,2020-06-26 07:44:39.748583,689,70566f4ac30bd154,"",8
458,689,8,5,40,2020-07-01 00:00:00,2020-06-26 07:44:40.070926,689,70566f4ac30bd154,"",8
459,689,8,5,40,2020-07-02 00:00:00,2020-06-26 07:44:40.393942,689,70566f4ac30bd154,"",8
460,689,8,5,40,2020-07-03 00:00:00,2020-06-26 07:44:40.719413,689,70566f4ac30bd154,"",8
461,689,8,5,40,2020-07-04 00:00:00,2020-06-26 07:44:41.042324,689,70566f4ac30bd154,"",8
462,500,189,1,20,2020-06-29 00:00:00,2020-06-29 08:13:00,500,cb99776f4779ac6d,done,20
463,500,190,1,29,2020-06-26 00:00:00,2020-06-26 09:59:00,500,cb99776f4779ac6d,done,29
464,500,188,1,21,2020-06-26 00:00:00,2020-06-26 09:59:00,500,cb99776f4779ac6d,done,21
465,500,189,1,20,2020-06-30 00:00:00,2020-06-26 09:57:42.499406,500,b1aef469408b5b2e,"",20
466,500,190,1,29,2020-06-30 00:00:00,2020-06-26 09:57:42.499406,500,b1aef469408b5b2e,"",29
467,500,188,1,21,2020-06-30 00:00:00,2020-06-26 09:57:42.499406,500,b1aef469408b5b2e,"",21
468,500,189,1,20,2020-07-01 00:00:00,2020-06-26 09:57:42.799142,500,b1aef469408b5b2e,"",20
469,500,190,1,29,2020-07-01 00:00:00,2020-06-26 09:57:42.799142,500,b1aef469408b5b2e,"",29
470,500,188,1,21,2020-07-01 00:00:00,2020-06-26 09:57:42.799142,500,b1aef469408b5b2e,"",21
471,500,190,1,29,2020-07-02 00:00:00,2020-06-26 09:57:43.106674,500,b1aef469408b5b2e,"",29
472,500,188,1,21,2020-07-02 00:00:00,2020-06-26 09:57:43.106674,500,b1aef469408b5b2e,"",21
473,500,188,2,46,2020-07-03 00:00:00,2020-06-27 09:32:00,140,cb99776f4779ac6d,"",23
474,500,3,1,20,2020-06-26 00:00:00,2020-06-26 09:59:00,500,cb99776f4779ac6d,done,20
475,528,83,10,350,2020-06-29 00:00:00,2020-06-29 08:15:00,528,cb99776f4779ac6d,done,35
476,528,82,1,30,2020-06-29 00:00:00,2020-06-29 08:15:00,528,cb99776f4779ac6d,done,30
477,528,9,5,125,2020-06-29 00:00:00,2020-06-29 08:15:00,528,cb99776f4779ac6d,done,25
478,528,83,10,350,2020-06-30 00:00:00,2020-06-27 08:24:04.633714,528,3924fd504ff1ea2d,"",35
479,528,82,1,30,2020-06-30 00:00:00,2020-06-27 08:24:04.633714,528,3924fd504ff1ea2d,"",30
480,528,9,5,125,2020-06-30 00:00:00,2020-06-27 08:24:04.633714,528,3924fd504ff1ea2d,"",25
481,528,83,10,350,2020-07-01 00:00:00,2020-06-27 08:24:04.919569,528,3924fd504ff1ea2d,"",35
482,528,82,1,30,2020-07-01 00:00:00,2020-06-27 08:24:04.919569,528,3924fd504ff1ea2d,"",30
483,528,9,5,125,2020-07-01 00:00:00,2020-06-27 08:24:04.919569,528,3924fd504ff1ea2d,"",25
484,528,83,10,350,2020-07-02 00:00:00,2020-06-27 08:24:05.204944,528,3924fd504ff1ea2d,"",35
485,528,82,1,30,2020-07-02 00:00:00,2020-06-27 08:24:05.204944,528,3924fd504ff1ea2d,"",30
486,528,9,5,125,2020-07-02 00:00:00,2020-06-27 08:24:05.204944,528,3924fd504ff1ea2d,"",25
487,528,83,10,350,2020-07-03 00:00:00,2020-06-27 08:24:05.488735,528,3924fd504ff1ea2d,"",35
488,528,82,1,30,2020-07-03 00:00:00,2020-06-27 08:24:05.488735,528,3924fd504ff1ea2d,"",30
489,528,9,5,125,2020-07-03 00:00:00,2020-06-27 08:24:05.488735,528,3924fd504ff1ea2d,"",25
490,63,3,1,20,2020-06-27 00:00:00,2020-06-27 08:36:00,63,cb99776f4779ac6d,"",20
491,500,188,2,46,2020-07-04 00:00:00,2020-06-27 09:32:00,140,cb99776f4779ac6d,"",23
492,18,181,10,0,2020-07-06 00:00:00,2020-06-29 08:16:11.380918,18,6b7784294592c43c,"",0
493,18,180,10,0,2020-07-06 00:00:00,2020-06-29 08:16:11.380918,18,6b7784294592c43c,"",0
494,18,181,10,0,2020-07-07 00:00:00,2020-06-29 08:16:11.711075,18,6b7784294592c43c,"",0
495,18,180,10,0,2020-07-07 00:00:00,2020-06-29 08:16:11.711075,18,6b7784294592c43c,"",0
496,18,181,10,0,2020-07-08 00:00:00,2020-06-29 08:16:12.006825,18,6b7784294592c43c,"",0
497,18,180,10,0,2020-07-08 00:00:00,2020-06-29 08:16:12.006825,18,6b7784294592c43c,"",0
498,18,181,10,0,2020-07-09 00:00:00,2020-06-29 08:16:12.301977,18,6b7784294592c43c,"",0
499,18,180,10,0,2020-07-09 00:00:00,2020-06-29 08:16:12.301977,18,6b7784294592c43c,"",0
500,18,181,10,0,2020-07-10 00:00:00,2020-06-29 08:16:12.596558,18,6b7784294592c43c,"",0
501,18,180,10,0,2020-07-10 00:00:00,2020-06-29 08:16:12.596558,18,6b7784294592c43c,"",0
502,18,181,10,0,2020-07-11 00:00:00,2020-06-29 08:16:12.891953,18,6b7784294592c43c,"",0
503,18,180,10,0,2020-07-11 00:00:00,2020-06-29 08:16:12.891953,18,6b7784294592c43c,"",0
504,17,3,1,21,2020-08-31 00:00:00,2020-08-27 17:47:31.030448,17,b1aef469408b5b2e,"",21
505,17,3,1,21,2020-09-01 00:00:00,2020-08-27 17:47:31.233595,17,b1aef469408b5b2e,"",21
506,17,3,1,21,2020-09-02 00:00:00,2020-08-27 17:47:31.411219,17,b1aef469408b5b2e,"",21
507,17,3,1,21,2020-09-03 00:00:00,2020-08-27 17:47:31.588829,17,b1aef469408b5b2e,"",21
508,36,189,1,21,2020-09-29 00:00:00,2020-09-29 15:20:00,36,bc3421a02ec01187,done,21
509,36,189,1,20,2020-10-05 00:00:00,2020-09-29 15:20:10.838945,36,bc3421a02ec01187,"",20
510,36,189,1,20,2020-10-06 00:00:00,2020-09-29 15:20:11.070305,36,bc3421a02ec01187,"",20
511,36,189,1,20,2020-10-07 00:00:00,2020-09-29 15:20:11.289277,36,bc3421a02ec01187,"",20
512,36,189,1,20,2020-10-08 00:00:00,2020-09-29 15:20:11.508488,36,bc3421a02ec01187,"",20
513,36,189,1,20,2020-10-09 00:00:00,2020-09-29 15:20:11.727127,36,bc3421a02ec01187,"",20
514,36,189,1,20,2020-10-10 00:00:00,2020-09-29 15:20:11.945019,36,bc3421a02ec01187,"",20
515,140,189,10,210,2020-12-07 00:00:00,2020-11-29 11:53:00,140,10505312be2c4abb,"",21
516,140,186,1,15,2020-10-02 00:00:00,2020-10-02 13:45:00,140,b1aef469408b5b2e,"",15
517,140,176,3,9,2020-10-02 00:00:00,2020-10-02 13:45:00,140,b1aef469408b5b2e,"",3
518,140,189,1,21,2020-12-07 00:00:00,2020-11-29 03:07:00,140,89c63153da33eee5,"",21
519,140,186,1,0,2020-10-05 00:00:00,2020-10-02 13:46:02.968747,140,7964256e0a63db1f,"",0
520,140,176,3,0,2020-10-05 00:00:00,2020-10-02 13:46:02.968747,140,7964256e0a63db1f,"",0
521,140,189,1,20,2020-10-06 00:00:00,2020-10-02 13:46:10.358087,140,7964256e0a63db1f,"",20
522,140,186,1,0,2020-10-06 00:00:00,2020-10-02 13:46:10.358087,140,7964256e0a63db1f,"",0
523,140,176,3,0,2020-10-06 00:00:00,2020-10-02 13:46:10.358087,140,7964256e0a63db1f,"",0
524,140,189,1,20,2020-10-07 00:00:00,2020-10-02 13:46:10.595048,140,7964256e0a63db1f,"",20
525,140,186,1,0,2020-10-07 00:00:00,2020-10-02 13:46:10.595048,140,7964256e0a63db1f,"",0
526,140,176,3,0,2020-10-07 00:00:00,2020-10-02 13:46:10.595048,140,7964256e0a63db1f,"",0
527,140,189,1,20,2020-10-08 00:00:00,2020-10-02 13:46:10.831651,140,7964256e0a63db1f,"",20
528,140,186,1,0,2020-10-08 00:00:00,2020-10-02 13:46:10.831651,140,7964256e0a63db1f,"",0
529,140,176,3,0,2020-10-08 00:00:00,2020-10-02 13:46:10.831651,140,7964256e0a63db1f,"",0
530,140,189,1,20,2020-10-09 00:00:00,2020-10-02 13:46:11.070714,140,7964256e0a63db1f,"",20
531,140,186,1,0,2020-10-09 00:00:00,2020-10-02 13:46:11.070714,140,7964256e0a63db1f,"",0
532,140,176,3,9,2020-12-07 00:00:00,2020-11-29 10:58:00,140,10505312be2c4abb,"",3
533,140,189,1,20,2020-10-10 00:00:00,2020-10-02 13:46:11.306261,140,7964256e0a63db1f,"",20
534,140,186,1,0,2020-10-10 00:00:00,2020-10-02 13:46:11.306261,140,7964256e0a63db1f,"",0
535,140,176,3,0,2020-10-10 00:00:00,2020-10-02 13:46:11.306261,140,7964256e0a63db1f,"",0
536,4,3,1,21,2020-11-30 00:00:00,2020-11-28 11:47:44.755062,4,b1aef469408b5b2e,"",21
537,4,3,1,21,2020-12-01 00:00:00,2020-11-28 12:50:11.811354,4,b1aef469408b5b2e,"",21
538,4,3,1,21,2020-12-02 00:00:00,2020-11-28 12:50:12.070079,4,b1aef469408b5b2e,"",21
539,4,3,1,21,2020-12-03 00:00:00,2020-11-28 12:50:12.316107,4,b1aef469408b5b2e,"",21
540,4,189,1,21,2020-12-04 00:00:00,2020-11-28 13:27:00,4,46860b782c3139e3,"",21
541,35,189,1,21,2020-11-28 00:00:00,2020-11-28 18:26:00,35,10505312be2c4abb,"",21
542,35,189,1,20,2020-11-30 00:00:00,2020-11-28 18:27:37.652693,35,3a303e4a11fc4ba3,"",20
543,35,189,1,20,2020-12-01 00:00:00,2020-11-28 18:27:37.942187,35,3a303e4a11fc4ba3,"",20
544,35,189,1,20,2020-12-02 00:00:00,2020-11-28 18:27:38.189669,35,3a303e4a11fc4ba3,"",20
545,35,189,1,20,2020-12-03 00:00:00,2020-11-28 18:27:38.435543,35,3a303e4a11fc4ba3,"",20
546,35,189,1,20,2020-12-04 00:00:00,2020-11-28 18:27:38.679099,35,3a303e4a11fc4ba3,"",20
547,35,189,1,20,2020-12-05 00:00:00,2020-11-28 18:27:38.925352,35,3a303e4a11fc4ba3,"",20
548,35,189,1,20,2020-12-07 00:00:00,2020-11-29 05:39:21.447292,140,7964256e0a63db1f,"",20
549,140,189,10,200,2020-12-08 00:00:00,2020-11-29 05:55:06.222799,140,7964256e0a63db1f,"",20
550,140,189,1,20,2020-12-08 00:00:00,2020-11-29 05:55:06.222799,140,7964256e0a63db1f,"",20
551,140,176,3,0,2020-12-08 00:00:00,2020-11-29 05:55:06.222799,140,7964256e0a63db1f,"",0
552,36,189,1,20,2020-12-07 00:00:00,2020-11-29 06:17:04.721788,140,7964256e0a63db1f,"",20
553,36,189,1,20,2020-12-08 00:00:00,2020-11-29 06:17:04.947145,140,7964256e0a63db1f,"",20
554,36,189,1,20,2020-12-09 00:00:00,2020-11-29 06:17:05.117758,140,7964256e0a63db1f,"",20
555,36,189,1,20,2020-12-10 00:00:00,2020-11-29 06:17:05.288707,140,7964256e0a63db1f,"",20
556,36,189,1,20,2020-12-11 00:00:00,2020-11-29 06:17:05.480938,140,7964256e0a63db1f,"",20
557,36,189,1,20,2020-12-12 00:00:00,2020-11-29 06:17:05.651513,140,7964256e0a63db1f,"",20
558,18,181,10,0,2020-12-21 00:00:00,2020-12-13 20:15:09.942933,18,6b7784294592c43c,"",0
559,18,180,10,0,2020-12-21 00:00:00,2020-12-13 20:15:09.942933,18,6b7784294592c43c,"",0
560,18,181,10,0,2020-12-22 00:00:00,2020-12-13 20:15:10.197458,18,6b7784294592c43c,"",0
561,18,180,10,0,2020-12-22 00:00:00,2020-12-13 20:15:10.197458,18,6b7784294592c43c,"",0
562,18,181,10,0,2020-12-23 00:00:00,2020-12-13 20:15:10.434093,18,6b7784294592c43c,"",0
563,18,180,10,0,2020-12-23 00:00:00,2020-12-13 20:15:10.434093,18,6b7784294592c43c,"",0
564,18,181,10,0,2020-12-24 00:00:00,2020-12-13 20:15:10.665836,18,6b7784294592c43c,"",0
565,18,180,10,0,2020-12-24 00:00:00,2020-12-13 20:15:10.665836,18,6b7784294592c43c,"",0
566,18,181,10,0,2020-12-25 00:00:00,2020-12-13 20:15:10.897194,18,6b7784294592c43c,"",0
567,18,180,10,0,2020-12-25 00:00:00,2020-12-13 20:15:10.897194,18,6b7784294592c43c,"",0
568,18,181,10,0,2020-12-26 00:00:00,2020-12-13 20:15:11.127087,18,6b7784294592c43c,"",0
569,18,180,10,20,2020-12-26 00:00:00,2020-12-13 20:15:11.127087,18,6b7784294592c43c,"",0
570,500,188,2,46,2020-07-05 00:00:00,2020-06-27 09:32:00,140,cb99776f4779ac6d,"",23
571,500,188,2,46,2020-07-04 00:00:00,2020-06-27 09:32:00,140,cb99776f4779ac6d,"",23
572,63,3,1,21,2021-05-31 00:00:00,2021-05-31 19:19:51.771213,63,2020-06-25 18:30:00,,21
573,63,3,1,21,2021-05-31 00:00:00,2021-05-31 19:19:51.771213,63,2020-06-25 18:30:00,,21
574,63,3,1,21,2021-06-01 00:00:00,2021-05-31 19:19:51.982673,63,2020-06-25 18:30:00,,21
575,63,3,1,21,2021-06-01 00:00:00,2021-05-31 19:19:51.982673,63,2020-06-25 18:30:00,,21
576,63,3,1,21,2021-06-02 00:00:00,2021-05-31 19:19:52.162282,63,2020-06-25 18:30:00,,21
577,63,3,1,21,2021-06-02 00:00:00,2021-05-31 19:19:52.162282,63,2020-06-25 18:30:00,,21
578,63,3,1,21,2021-06-03 00:00:00,2021-05-31 19:19:52.340506,63,2020-06-25 18:30:00,,21
579,63,3,1,21,2021-06-03 00:00:00,2021-05-31 19:19:52.340506,63,2020-06-25 18:30:00,,21
580,63,3,1,21,2021-06-04 00:00:00,2021-05-31 19:19:52.516846,63,2020-06-25 18:30:00,,21
581,63,3,1,21,2021-06-04 00:00:00,2021-05-31 19:19:52.516846,63,2020-06-25 18:30:00,,21
582,63,3,1,21,2021-06-05 00:00:00,2021-05-31 19:19:52.694204,63,2020-06-25 18:30:00,,21
583,63,3,1,21,2021-06-05 00:00:00,2021-05-31 19:19:52.694204,63,2020-06-25 18:30:00,,21
584,65,3,1,20,2021-05-31 00:00:00,2021-05-31 22:31:00,65,c01c4fa0b7e408d1,,20
586,65,16,1,23,2021-05-31 00:00:00,2021-05-31 22:32:00,65,c01c4fa0b7e408d1,,23
585,65,16,1,23,2021-05-31 00:00:00,2021-05-31 22:32:00,65,c01c4fa0b7e408d1,del,23
589,65,3,1,21,2021-06-08 00:00:00,2021-05-31 22:33:25.975055,65,c01c4fa0b7e408d1,,21
590,65,16,1,23,2021-06-08 00:00:00,2021-05-31 22:33:25.975055,65,c01c4fa0b7e408d1,,23
591,65,3,1,21,2021-06-09 00:00:00,2021-05-31 22:33:26.695744,65,c01c4fa0b7e408d1,,21
592,65,16,1,23,2021-06-09 00:00:00,2021-05-31 22:33:26.695744,65,c01c4fa0b7e408d1,,23
593,65,3,1,21,2021-06-10 00:00:00,2021-05-31 22:33:27.302463,65,c01c4fa0b7e408d1,,21
594,65,16,1,23,2021-06-10 00:00:00,2021-05-31 22:33:27.302463,65,c01c4fa0b7e408d1,,23
595,65,3,1,21,2021-06-11 00:00:00,2021-05-31 22:33:28.025791,65,c01c4fa0b7e408d1,,21
596,65,16,1,23,2021-06-11 00:00:00,2021-05-31 22:33:28.025791,65,c01c4fa0b7e408d1,,23
597,65,3,1,21,2021-06-12 00:00:00,2021-05-31 22:33:28.741769,65,c01c4fa0b7e408d1,,21
598,65,16,1,23,2021-06-12 00:00:00,2021-05-31 22:33:28.741769,65,c01c4fa0b7e408d1,,23
587,65,3,1,21,2021-06-07 00:00:00,2021-06-07 19:18:00,65,c01c4fa0b7e408d1,done,21
588,65,16,1,23,2021-06-07 00:00:00,2021-06-07 19:18:00,65,c01c4fa0b7e408d1,done,23
599,65,3,1,21,2021-07-19 00:00:00,2021-07-12 11:45:46.822026,65,c01c4fa0b7e408d1,,21
600,65,16,1,23,2021-07-19 00:00:00,2021-07-12 11:45:46.822026,65,c01c4fa0b7e408d1,,23
601,65,3,1,21,2021-07-20 00:00:00,2021-07-12 11:45:47.150252,65,c01c4fa0b7e408d1,,21
602,65,16,1,23,2021-07-20 00:00:00,2021-07-12 11:45:47.150252,65,c01c4fa0b7e408d1,,23
603,65,3,1,21,2021-07-21 00:00:00,2021-07-12 11:45:47.347038,65,c01c4fa0b7e408d1,,21
604,65,16,1,23,2021-07-21 00:00:00,2021-07-12 11:45:47.347038,65,c01c4fa0b7e408d1,,23
605,65,3,1,21,2021-07-22 00:00:00,2021-07-12 11:45:47.564499,65,c01c4fa0b7e408d1,,21
606,65,16,1,23,2021-07-22 00:00:00,2021-07-12 11:45:47.564499,65,c01c4fa0b7e408d1,,23
607,65,3,1,21,2021-07-23 00:00:00,2021-07-12 11:45:48.042765,65,c01c4fa0b7e408d1,,21
608,65,16,1,23,2021-07-23 00:00:00,2021-07-12 11:45:48.042765,65,c01c4fa0b7e408d1,,23
609,65,3,1,21,2021-07-24 00:00:00,2021-07-12 11:45:48.485092,65,c01c4fa0b7e408d1,,21
610,65,16,1,23,2021-07-24 00:00:00,2021-07-12 11:45:48.485092,65,c01c4fa0b7e408d1,,23
192,464,132,1,9,2020-06-22 00:00:00,2020-06-20 07:39:20.81742,464,70566f4ac30bd154,"",9
193,464,3,1,23,2020-06-23 00:00:00,2020-06-20 07:39:21.161808,464,70566f4ac30bd154,"",23
194,464,132,1,9,2020-06-23 00:00:00,2020-06-20 07:39:21.161808,464,70566f4ac30bd154,"",9
